{"cameraMode":{"drawMode":0,"name":"Shaded","section":"Shading Mode"},"sceneLighting":true,"audioPlay":false,"sceneViewState":{"m_AlwaysRefresh":false,"showFog":true,"showSkybox":true,"showFlares":true,"showImageEffects":true,"showParticleSystems":true,"showVisualEffectGraphs":true,"m_FxEnabled":true},"in2DMode":false,"pivot":{"x":-9.861373901367188,"y":27.763568878173829,"z":31.099411010742189},"rotation":{"x":-0.19426847994327546,"y":0.16306158900260926,"z":-0.03276917710900307,"w":-0.9667468667030335},"size":60.395225524902347,"orthographic":true}